Date,actual,forecast,step,sqrt_h,forecast_error,lower_90_0,upper_90_0,outside_90_0,lower_95_0,upper_95_0,outside_95_0,lower_97_5,upper_97_5,outside_97_5,lower_99_0,upper_99_0,outside_99_0,lower_99_9,upper_99_9,outside_99_9
2008-01-01,-27.243017665340652,-28.18206959629619,1,1.0,0.9390519309555394,-29.517811495434795,-26.846327697157587,False,-29.773704239072853,-26.59043495351953,False,-30.002253159774945,-26.361886032817438,False,-30.27383209078397,-26.090307101808413,False,-30.85421887053617,-25.509920322056214,False
2008-01-02,-29.02226163956845,-28.221891261535017,2,1.4142135623730951,-0.8003703780334313,-30.110915571126828,-26.332866951943206,False,-30.472802559692628,-25.970979963377406,False,-30.79601954301526,-25.647762980054775,False,-31.18009015050301,-25.263692372567025,False,-32.000881005850616,-24.442901517219415,False
2008-01-03,-29.4359974460236,-28.26175436675218,3,1.7320508075688772,-1.1742430792714202,-30.575327201858787,-25.94818153164557,False,-31.018546435128094,-25.504962298376263,False,-31.41440477779915,-25.10910395570521,False,-31.884793284572023,-24.638715448932334,False,-32.89005267514412,-23.633456058360235,False
2008-01-04,-28.92619627018213,-28.301658911947676,4,2.0,-0.624537358234452,-30.973142710224888,-25.630175113670465,False,-31.484928197501,-25.118389626394354,False,-31.942026038905183,-24.66129178499017,False,-32.48518390092323,-24.11813392297212,False,-33.64595746042763,-22.957360363467718,False
2008-01-07,-28.03423878971549,-28.34160489712151,5,2.23606797749979,0.30736610740601833,-31.3284145839901,-25.35479521025292,False,-31.900608153713716,-24.782601640529304,False,-32.4116590765878,-24.271550717655213,False,-33.01892802758071,-23.66428176666231,False,-34.31671232034883,-22.36649747389419,False
2008-01-08,-28.354935563514257,-28.38159232227368,6,2.449489742783178,0.026656758759422416,-31.653478403219417,-25.10970624132794,False,-32.280285054013476,-24.482899590533883,False,-32.84011329099742,-23.92307135354994,False,-33.505343096860045,-23.257841547687313,False,-34.92699456071002,-21.836190083837337,False
2008-01-09,-28.0276686314479,-28.421621187404185,7,2.6457513110645907,0.393952555956286,-31.955662068294057,-24.887580306514312,False,-32.63269063026635,-24.210551744542016,False,-33.23737423685631,-23.605868137952054,False,-33.95590454963096,-22.887337825177408,False,-35.491463633084905,-21.351778741723464,False
2008-01-10,-29.132557695933645,-28.461691492513026,8,2.8284271247461903,-0.6708662034206192,-32.23974011169665,-24.683642873329404,False,-32.96351408882825,-23.959868896197808,False,-33.60994805547351,-23.313434929552542,False,-34.37808927044901,-22.545293714577042,False,-36.01967098114423,-20.90371200388182,False
2008-01-11,-28.96307165991104,-28.501803237600203,9,3.0,-0.4612684223108374,-32.50902893501602,-24.494577540184387,False,-33.27670716593018,-23.726899309270223,False,-33.962353928036464,-23.041252547163943,False,-34.77709072106354,-22.22651575413687,False,-36.51825106032014,-20.485355414880267,False
2008-01-14,-29.976069198686773,-28.541956422665717,10,3.1622776601683795,-1.4341127760210561,-32.765943190062615,-24.31796965526882,False,-33.57514709666843,-23.508765748663006,False,-34.297882242860254,-22.786030602471183,False,-35.156690229362496,-21.927222615968933,False,-36.99203437722995,-20.091878468101484,False
2008-01-15,-29.223499736969547,-28.582151047709566,11,3.3166247903554,-0.6413486892599813,-33.01230574390907,-24.151996351510064,False,-33.8610059611311,-23.303296134288033,False,-34.61901697734063,-22.5452851180785,False,-35.51974239246338,-21.64455970295575,False,-37.444667574184066,-19.71963452123506,False
2008-01-16,-27.465535062642832,-28.62238711273175,12,3.4641016151377544,1.1568520500889186,-33.24953278294497,-23.995241442518534,False,-34.13597124948358,-23.10880297597992,False,-34.92768793482569,-22.317086290637807,False,-35.86846494837144,-21.376309277092062,False,-37.87898372951564,-19.365790495947863,False
2008-01-17,-26.49563689677498,-28.662664617732272,13,3.605551275463989,2.167027720957293,-33.47875052586216,-23.846578709602383,False,-34.40138493406833,-22.92394430139621,False,-35.22542978661168,-22.099899448852863,False,-36.20462154770041,-21.120707687764128,False,-38.2972358416984,-19.02809339376614,False
2008-01-18,-26.66994910130684,-28.70298356271113,14,3.7416573867739413,2.033034461404288,-33.700872106446546,-23.70509501897571,False,-34.65833508090172,-22.747632044520536,False,-35.51348683828592,-21.892480287136337,False,-36.52964215158801,-20.87632497383425,False,-38.70125063323377,-18.704716492188485,False
2008-01-21,-26.570944423939967,-28.743343947668322,15,3.872983346207417,2.1723995237283553,-33.91665007786361,-23.570037817473036,False,-34.907718412389116,-22.578969482947524,False,-35.79288457606201,-21.69380331927464,False,-36.84470525304077,-20.641982642295872,False,-39.09253358538,-18.394154309956647,False
2008-01-22,-25.937679310488303,-28.78374577260385,16,4.0,2.846066462115548,-34.126713369158274,-23.440778176049427,False,-35.150284343710496,-22.41720720149721,False,-36.064480026518865,-21.503011518688837,False,-37.15079575055496,-20.41669579465274,False,-39.47234286956377,-18.095148675643934,False
2008-01-23,-25.81492911688569,-28.824189037517716,17,4.123105625617661,3.009259920632026,-34.33159397622932,-23.316784098806114,False,-35.38666678707812,-22.26171128795731,False,-36.32899812775376,-21.319379947281668,False,-37.4487467459963,-20.19963132903913,False,-39.84174274262672,-17.80663533240871,False
2008-01-24,-27.766181515019117,-28.864673742409916,18,4.242640687119285,1.0984922273907998,-34.531746671185346,-23.197600813634484,False,-35.617407636882746,-22.111939847937087,False,-36.587058586850645,-21.14228889796919,False,-37.73927040931389,-19.99007707550594,False,-40.20164297535672,-17.527704509463113,False
2008-01-25,-27.20813402547475,-28.905199887280453,19,4.358898943540674,1.6970658618057044,-34.727563840278734,-23.082835934282173,False,-35.842974450182375,-21.96742532437853,False,-36.83919609917809,-20.971203675382817,False,-38.022981214641234,-19.787418559919672,False,-40.55282853574808,-17.25757123881283,False
2008-01-28,-28.330030407802045,-28.945767472129326,20,4.47213595499958,0.6157370643272806,-34.919386845866505,-22.972148098392147,False,-36.06377398531374,-21.82776095894491,False,-37.08587583106192,-20.805659113196732,False,-38.300413733047726,-19.591121211210925,False,-40.89598231858397,-16.995552625674684,False
2008-01-29,-28.26690351363916,-28.986376496956535,21,4.58257569495584,0.7194729833173739,-35.10751485868326,-22.865238135229806,False,-36.280162726194575,-21.69259026771849,False,-37.32750545531238,-20.64524753860069,False,-38.572036463816424,-19.400716530096645,False,-41.23170281438255,-16.741050179530518,False
2008-01-30,-29.124432881475418,-29.02702696176208,22,4.69041575982343,-0.09740591971333856,-35.29221181653827,-22.761842106985885,False,-36.49245517412266,-21.561598749401497,False,-37.56444463367439,-20.489609289849767,False,-38.83826273171512,-19.215791191809036,False,-41.56051803025802,-16.49353589326614,False
2008-01-31,-28.887469379307905,-29.06771886654596,23,4.795831523312719,0.18024948723805423,-35.47371197344448,-22.661725759647435,False,-36.70093045997085,-21.434507273121074,False,-37.79701257849304,-20.338425154598877,False,-39.09945937689369,-19.03597835619823,False,-41.882896590943254,-16.252541142148665,False
2008-02-01,-28.08363021051076,-29.108452211308176,24,4.898979485566356,1.0248220007974176,-35.65222437319965,-22.5646800494167,False,-36.90583767478777,-21.311066747828583,False,-38.025494148755655,-20.191410273860697,False,-39.35595376048091,-18.860950662135444,False,-42.19925668818086,-16.017647734435492,False
2008-02-04,-27.66089890447472,-29.14922699604873,25,5.0,1.488328091574008,-35.82793649174176,-22.4705175003557,False,-37.10740020993203,-21.191053782165426,False,-38.250144813442496,-20.04830917865496,False,-39.60803946848762,-18.69041452360984,False,-42.50997336724862,-15.788480624848834,False
2008-02-05,-25.512064984797423,-29.190043220767617,26,5.0990195135927845,3.677978235970194,-36.00101722959885,-22.379069211936383,False,-37.30581932279609,-21.074267118739144,False,-38.47119472926663,-19.908891712268606,False,-39.85598099796232,-18.524105443572918,False,-42.81538451335007,-15.564701928185167,False
2008-02-06,-25.489234090269733,-29.23090088546484,27,5.196152422706632,3.7416667951951084,-36.17161939078466,-22.29018238014502,False,-37.50127709059259,-20.960524680337095,False,-38.68885211860575,-19.772949652323927,False,-40.10001763892438,-18.361784132005305,False,-43.11579581064068,-15.346005960289007,False
2008-02-07,-24.893406135924373,-29.2717999901404,28,5.291502622129181,4.378393854216029,-36.339881751920146,-22.203718228360657,False,-37.693938875864745,-20.84966110441606,False,-38.90330608904466,-19.64029389123614,False,-40.340366714593955,-18.203233265686848,False,-43.411484881501835,-15.132115098778964,False
2008-02-08,-25.70292030023869,-29.312740534794298,29,5.385164807134504,3.609820234555606,-36.505930801450525,-22.119550268138074,False,-37.88395539889127,-20.741525670697328,False,-39.11472900336475,-19.510752066223844,False,-40.57722630499376,-18.048254764594834,False,-43.70270476584144,-14.922776303747158,False
2008-02-11,-26.053002054692907,-29.35372251942653,30,5.477225575051661,3.3007204647336224,-36.669882211056574,-22.03756282779648,False,-38.07146449098107,-20.63598054787199,False,-39.323278484601026,-19.384166554252033,False,-40.81077755116885,-17.896667487684212,False,-43.98968686464948,-14.717758174203583,False
2008-02-12,-25.937142850948565,-29.394745944037098,31,5.5677643628300215,3.457603093088533,-36.83184208799992,-21.957649800074275,False,-38.256592586734676,-20.53289930133952,False,-39.529099122583055,-19.26039276549114,False,-41.04118661635058,-17.748305271723616,False,-44.27264344531256,-14.516848442761637,False
2008-02-13,-26.11784193792354,-29.435810808626,32,5.656854249492381,3.3179688707024617,-36.991908046993245,-21.879713570258758,False,-38.43945600125644,-20.432165615995565,False,-39.73232393454697,-19.13929768270503,False,-41.26860636449797,-17.603015252754034,False,-44.55176978588841,-14.319851831363597,False
2008-02-14,-26.47225713608991,-29.47691711319324,33,5.744562646538029,3.00465997710333,-37.150170132400646,-21.80366409398584,False,-38.620162029023945,-20.33367219736254,False,-39.933075621795766,-19.020758604590714,False,-41.49317780445694,-17.460656421929542,False,-44.827246019965926,-14.126588206420557,False
2008-02-15,-26.414058717721417,-29.518064857738818,34,5.830951894845301,3.1040061400174004,-37.30671161554533,-21.729418099932303,False,-38.79880989393881,-20.237319821538826,False,-40.13146765617152,-18.90466205930611,False,-41.71503133853866,-17.321098376938977,False,-45.099238731677914,-13.936890983799717,False
2008-02-18,-26.32747119457228,-29.55925404226273,35,5.916079783099616,3.23178284769045,-37.46160968719572,-21.656898397329737,False,-38.97549157447471,-20.14301651005075,False,-40.3276052236896,-18.79090286083586,False,-41.934287846947896,-17.184220237577563,False,-45.36790234101818,-13.750605743507279,False
2008-02-19,-27.28541186861501,-29.600484666764977,36,6.0,2.3150727981499664,-37.61493606159661,-21.586033271933346,False,-39.15029252342494,-20.050676810105017,False,-40.5215860476375,-18.679383285892456,False,-42.151059633691645,-17.04990969983831,False,-45.63338031220485,-13.567589021325105,False
2008-02-20,-27.83746841232661,-29.64175673124556,37,6.082762530298219,1.8042883189189496,-37.766757505475255,-21.516755957015867,False,-39.32329229825202,-19.9602211642391,False,-40.71350110943881,-18.57001235305231,False,-42.36545125499895,-16.91806220749217,False,-45.895806211956085,-13.387707250535037,False
2008-02-21,-28.141022429965997,-29.68307023570448,38,6.164414002968976,1.542047805738484,-37.91713630310687,-21.44900416830209,False,-39.494565115247454,-19.87157535616151,False,-40.90343528238688,-18.46270518902208,False,-42.57756024761025,-16.788580223798707,False,-46.155304639852794,-13.210835831556167,False
2008-02-22,-28.496480317257173,-29.724425180141736,39,6.244997998398398,1.2279448628845628,-38.066130666639204,-21.38271969364427,False,-39.66418033846353,-19.78467002181994,False,-41.091467890784216,-18.357382469499257,False,-42.78747777134275,-16.661372588940722,False,-46.411992049192136,-13.036858311091336,False
2008-02-25,-28.496504233691752,-29.765821564557328,40,6.324555320336759,1.2693173308655759,-38.213795099351124,-21.31784802976353,False,-39.83220291256275,-19.699440216551906,False,-41.277673204946396,-18.25396992416826,False,-42.995289177950895,-16.53635395116376,False,-46.6659774736858,-12.86566565542886,False
2008-02-26,-30.16463010450732,-29.807259388951255,41,6.4031242374328485,-0.3573707155560655,-38.36018071828025,-21.254338059622267,False,-39.99869374725226,-19.61582503065025,False,-41.46212088083895,-18.152397897063558,False,-43.20107451635894,-16.413444261543567,False,-46.91736317287586,-12.697155605026651,False
2008-02-27,-30.899279999811704,-29.84873865332352,42,6.48074069840786,-1.0505413464881848,-38.50533554163969,-21.19214176500735,False,-40.16371005976208,-19.53376724688496,False,-41.64487635173332,-18.052600954913714,False,-43.40490898275361,-16.292568323893427,False,-47.16624520711157,-12.531232099535462,False
2008-02-28,-31.86641343306718,-29.89025935767412,43,6.557438524302,-1.9761540753930618,-38.649304745609925,-21.131213969738308,False,-40.327305680831444,-19.453213034516793,False,-41.826001178130994,-17.954517537217246,False,-43.606863322718326,-16.17365539262991,False,-47.41271395126098,-12.36780476408725,False
2008-02-29,-31.13748603539699,-29.931821502003054,44,6.6332495807108,-1.2056645333939358,-38.79213089440206,-21.07151210960405,False,-40.48953132884612,-19.374111675159988,False,-42.005553361265186,-17.85808964274092,False,-43.807004191510686,-16.05663881249542,False,-47.65685455495206,-12.206788449054045,False
2008-03-03,-31.438306227139066,-29.973425086310325,45,6.708203932499369,-1.4648811408287408,-38.9338541469161,-21.012996025704552,False,-40.650434856086946,-19.296415316533704,False,-42.18358762470921,-17.763262547911438,False,-44.00539447768793,-15.941455694932722,False,-47.898747355992285,-12.048102816628361,False
2008-03-04,-30.801483168536382,-30.015070110595932,46,6.782329983125268,-0.7864130579404502,-39.07451244284039,-20.955627778351477,False,-40.81006147048095,-19.22007875071091,False,-42.36015566796968,-17.66998455322219,False,-44.20209359453729,-15.828046626654572,False,-48.13846825266016,-11.8916719685317,False
2008-03-05,-32.19928392367552,-30.056756574859875,47,6.855654600401044,-2.1425273488156478,-39.214141670637886,-20.899371479081864,False,-40.96845393576936,-19.14505921395039,False,-42.535306395397356,-17.578206754322395,False,-44.39715774314138,-15.716355406578376,False,-48.376089039761496,-11.737424109958255,False
2008-03-06,-31.91312877096509,-30.098484479102154,48,6.928203230275509,-1.8146442918629369,-39.35277581952859,-20.844193138675724,False,-41.125652752605816,-19.071316205598492,False,-42.70908612329004,-17.487882834914267,False,-44.59064015038153,-15.606328807822775,False,-48.61167771266993,-11.585291245534378,False
2008-03-07,-31.649446537689204,-30.14025382332277,49,7.0,-1.509192714366435,-39.49044711729301,-20.79006052935253,False,-41.28169632275939,-18.998811323886148,False,-42.881538767674044,-17.398968878971495,False,-44.782591284737215,-15.497916361908324,False,-48.84529874300262,-11.435208903642916,False
2008-03-10,-31.3509607030467,-30.18206460752172,50,7.0710678118654755,-1.1688960955249783,-39.62718615548077,-20.736943059562666,False,-41.43662109830977,-18.927508116733673,False,-43.05270601492293,-17.311423200120508,False,-44.973059052361684,-15.391070162681759,False,-49.07701332909973,-11.287115885943717,False
2008-03-11,-31.5232874708339,-30.223916831699007,51,7.14142842854285,-1.2993706391348923,-39.763022003403265,-20.68481165999475,False,-41.59046171747789,-18.85737194592012,False,-43.22262747709261,-17.225206186305407,False,-45.16208897559373,-15.285744687804282,False,-49.30687962406654,-11.140954039331476,False
2008-03-12,-32.863286899613364,-30.26581049585463,52,7.211102550927978,-2.5974764037587335,-39.89798231211441,-20.63363867959485,False,-41.74325112852675,-18.788369863182513,False,-43.39134083361345,-17.140280158095813,False,-45.34972435579092,-15.181896635918344,False,-49.53495294378689,-10.996668047922373,False
2008-03-13,-33.63202268805326,-30.30774559998859,53,7.280109889280518,-3.3242770880646724,-40.03209340943389,-20.583397790543287,False,-41.89502070298842,-18.72047049698876,False,-43.55888196077611,-17.056609239201066,False,-45.536006422135145,-15.079484777842032,False,-49.76128595701682,-10.854205242960361,False
2008-03-14,-33.48611020141041,-30.349722144100884,54,7.3484692283495345,-3.136388057309528,-40.1653803869381,-20.53406390126367,False,-42.04580033932028,-18.65364394888149,False,-43.725285050272106,-16.974159237929662,False,-45.72097446785998,-14.978469820341784,False,-49.98592885940991,-10.713515428791858,False
2008-03-17,-33.30073966572247,-30.391740128191515,55,7.416198487095663,-2.9089995375309528,-40.29786717973353,-20.4856130766495,False,-42.19561855796083,-18.587861698422202,False,-43.890582717899036,-16.892897538483993,False,-45.90466597517522,-14.878814281207806,False,-50.20892953310382,-10.57455072327921,False
2008-03-18,-33.8018073818586,-30.43379955226048,56,7.483314773547883,-3.3680078295981204,-40.429576639731316,-20.438022464789647,False,-42.344502588641674,-18.523096515879292,False,-44.054806103410066,-16.812793001110897,False,-46.087116730014245,-14.780482374506722,False,-50.43033369330577,-10.437265411215193,False
2008-03-19,-30.76104804906536,-30.475900416307784,57,7.54983443527075,-0.2851476327575746,-40.56053060305838,-20.39127022955719,False,-42.49247845071287,-18.459322381902695,False,-44.2179849623735,-16.73381587024207,False,-46.26836092759945,-14.683439905016115,False,-50.650185023148524,-10.301615809467048,False
2008-03-20,-29.299717357953696,-30.518042720333423,58,7.615773105863909,1.2183253623797263,-40.6907499521688,-20.345335488498048,False,-42.639571027153224,-18.39651441351362,False,-44.380147750810444,-16.6559376898564,False,-46.448431269708244,-14.5876541709586,False,-50.86852529794402,-10.16756014272283,False
2008-03-21,-29.178671920347647,-30.560226464337397,59,7.681145747868608,1.3815545439897505,-40.82025467315584,-20.300198255518957,False,-42.78580413286171,-18.33464879581308,False,-44.54132170329255,-16.57913122538224,False,-46.62735905442322,-14.49309387425157,False,-51.085394499836,-10.035058428838799,False
2008-03-24,-28.97532901670157,-30.602451648319708,60,7.745966692414834,1.627122631618139,-40.94906390871028,-20.255839387929136,False,-42.9312005777613,-18.273702718878113,False,-44.70153290510707,-16.503370391532343,False,-46.8051742590646,-14.399729037574811,False,-51.30083092374306,-9.904072372896358,False
2008-03-25,-30.6327723239766,-30.644718272280354,61,7.810249675906654,0.011945948303754506,-41.07719600712259,-20.21224053743812,False,-43.07578222518857,-18.21365431937214,False,-44.8608063590309,-16.428630185529805,False,-46.981905616927214,-14.307530927633493,False,-51.51487127538735,-9.774565269173358,False
2008-03-26,-32.2327184842989,-30.687026336219336,62,7.874007874011811,-1.5456921480795636,-41.20466856768421,-20.169384104754464,False,-43.21957004599274,-18.154482626445937,False,-45.01916604719791,-16.354886625240756,False,-47.15758068837869,-14.216471984059986,False,-51.727550762119876,-9.646501910318797,False
2008-03-27,-32.000810177069695,-30.729375840136655,63,7.937253933193772,-1.2714343369330408,-41.33149848280627,-20.127253197467038,False,-43.36258416872317,-18.096167511550142,False,-45.17663498849305,-16.282116691780264,False,-47.33222592681699,-14.126525753456324,False,-51.938903177178815,-9.519848503094497,False
2008-03-28,-31.3359556829078,-30.77176678403231,64,8.0,-0.5641888988754928,-41.457701977141156,-20.085831590923462,False,-43.50484392624559,-18.038689641819026,False,-45.33323529186234,-16.21029827620228,False,-47.50586673993453,-14.037666828130085,False,-52.14896097795214,-9.394572590112478,False
2008-03-31,-30.384830171438875,-30.8141991679063,65,8.06225774829855,0.4293689964674243,-41.58329464396354,-20.045103691849057,False,-43.64636789909282,-17.982030436719775,False,-45.488988205888546,-16.139410129924055,False,-47.67852754669069,-13.94987078912191,False,-52.35775535875791,-9.270642977054685,False
2008-04-01,-28.770819676338743,-30.856672991758625,66,8.12403840463596,2.0858533154198824,-41.70829147904203,-20.00505450447522,False,-43.78717395582525,-17.926172027691997,False,-45.643914164947155,-16.069431818570095,False,-47.850231830354446,-13.863114153162801,False,-52.565316318604324,-9.148029664912926,False
2008-04-02,-29.903069361396053,-30.899188255589287,67,8.18535277187245,0.9961188941932342,-41.832706912209645,-19.96566959896893,False,-43.92727929064944,-17.871097220529133,False,-45.798032832226774,-16.0003436789518,False,-48.02100218794365,-13.777374323234923,False,-52.77167272434646,-9.026703786832119,False
2008-04-03,-29.934285170520297,-30.941744959398285,68,8.246211251235321,1.0074597888779877,-41.95655483682149,-19.92693508197508,False,-44.066700458519094,-17.816789460277477,False,-45.95136313987038,-15.93212677892619,False,-48.19086037635546,-13.69262954244111,False,-52.976852369616296,-8.906637549180275,False
2008-04-04,-30.74352813484501,-30.98434310318562,69,8.306623862918075,0.240814968340608,-42.07984863726987,-19.88883756910137,False,-44.20545340792131,-17.763232798449927,False,-46.103923326469484,-15.86476287990175,False,-48.35982735545483,-13.608858850916405,False,-53.18088202986664,-8.787804176504597,False
2008-04-07,-30.882812608168617,-31.02698268695129,70,8.366600265340756,0.14417007878267185,-42.20260121471111,-19.851364159191466,False,-44.343553511532036,-17.71041186237054,False,-46.25573097212151,-15.79823440178107,False,-48.527923328362576,-13.526042045540006,False,-53.3837875138376,-8.670177860064975,False
2008-04-08,-30.512203188270483,-31.069663710695295,71,8.426149773176359,0.5574605224248117,-42.32482501114421,-19.814502410246376,False,-44.48101559490749,-17.658311826483104,False,-46.406803031241125,-15.732524390149461,False,-48.695167779162304,-13.44415964222829,False,-53.58559371172586,-8.553733709664726,False
2008-04-09,-31.61967057633354,-31.112386174417637,72,8.48528137423857,-0.5072844019159035,-42.4465320319685,-19.77824031686677,False,-44.61785396336329,-17.60691838547198,False,-46.55715586329909,-15.667616485536184,False,-48.86157950822559,-13.363192840609685,False,-53.786324640311236,-8.438447708524034,False
2008-04-10,-31.154709637983437,-31.155150078118314,73,8.54400374531753,0.0004404401348772069,-42.56773386713611,-19.742566289100516,False,-44.75408242717923,-17.5562177290574,False,-46.706805261646196,-15.603494894590437,False,-49.027176665336626,-13.2831234909,False,-53.986003485272214,-8.324296670964415,False
2008-04-11,-31.03350261409969,-31.197955421797328,74,8.602325267042627,0.16445280769763926,-42.688441711004856,-19.707469132589797,False,-44.889714325255355,-17.506196518339298,False,-46.855766480566295,-15.54014436302836,False,-49.19197678078166,-13.203934062813001,False,-54.18465264090152,-8.211258202693141,False
2008-04-14,-30.822878602624485,-31.240802205454678,75,8.660254037844387,0.4179236028301929,-42.80866638098772,-19.67293802992164,False,-45.02476254733426,-17.456841863575097,False,-47.004054260689536,-15.477550150219818,False,-49.3559967945539,-13.125607616355449,False,-54.38229374741441,-8.09931066349495,False
2008-04-15,-31.07692734547225,-31.283690429090363,76,8.717797887081348,0.2067630836181138,-42.928418335086924,-19.638962523093802,False,-45.15923955489421,-17.40814130328652,False,-47.151682852885635,-15.41569800529509,False,-49.519253083811925,-13.048127774368801,False,-54.5789477260256,-7.988433132155119,False
2008-04-16,-33.01095469892005,-31.326620092704385,77,8.774964387392123,-1.6843346062156677,-43.04770768839317,-19.605532497015602,False,-45.293157400809164,-17.360082784599605,False,-47.29866604074694,-15.354574144661836,False,-49.68176148871714,-12.971478696691623,False,-54.774634811955906,-7.878605373452864,False
2008-04-17,-32.41781654347736,-31.369591196296742,78,8.831760866327848,-1.0482253471806153,-43.16654422862352,-19.572638163969966,False,-45.426527747863354,-17.31265464473013,False,-47.44501716176157,-15.294165230831918,False,-49.84353733676622,-12.895645055827263,False,-54.96937458551575,-7.769807807077736,False
2008-04-18,-31.494855591185864,-31.412603739867436,79,8.888194417315589,-0.08225185131842849,-43.28493743076571,-19.54027004896916,False,-45.55936188620104,-17.265845593533832,False,-47.590749127268886,-15.234458352465985,False,-50.00459546572384,-12.820612014011036,False,-55.163186001401115,-7.662021478333752,False
2008-04-21,-31.791120087960127,-31.455657723416465,80,8.94427190999916,-0.3354623645436625,-43.40289647089082,-19.508418975942106,False,-45.691670749785295,-17.219644697047634,False,-47.73587444128165,-15.175441005551281,False,-50.164950245253266,-12.74636520157966,False,-55.35608741632575,-7.555228030507184,False
2008-04-22,-32.22930851402712,-31.49875314694383,81,9.0,-0.7305553670832872,-43.520430239191285,-19.47707605469638,False,-45.82346493193377,-17.174041361953886,False,-47.880405218252605,-15.117101075635052,False,-50.32461559733383,-12.672890696553829,False,-55.54809661510364,-7.449409678784022,False
2008-04-23,-31.257767953464214,-31.54189001044953,82,9.055385138137417,0.2841220569853178,-43.63754735229671,-19.446232668602352,False,-45.954754699993956,-17.129025320905104,False,-48.02435319985704,-15.059426821042024,False,-50.48360501554741,-12.600175005351655,False,-55.73923083528692,-7.344549185612141,False
2008-04-24,-29.47163187266376,-31.58506831393357,83,9.1104335791443,2.1134364412698083,-43.7542561649159,-19.415880462951236,False,-46.085550009215396,-17.08458661865174,False,-48.16772977085694,-15.002406857010204,False,-50.64193158330966,-12.528205044557474,False,-55.92950679045554,-7.240629837411596,False
2008-04-25,-29.334578912160943,-31.62828805739594,84,9.16515138991168,2.293709145234999,-43.8705647808494,-19.386011333942484,False,-46.21586051587203,-17.040715598919853,False,-48.31054597410763,-14.94603014068425,False,-50.79960799111572,-12.456968123676162,False,-56.118940692247975,-7.137635422543912,False
2008-04-28,-29.41244562185188,-31.67154924083665,85,9.219544457292887,2.2591036189847706,-43.986481063413855,-19.356617418259447,False,-46.34569558968356,-16.997402891989747,False,-48.452812524762805,-14.890285956910496,False,-50.956646552864584,-12.386451928808714,False,-56.307548271215055,-7.0355502104582435,False
2008-04-29,-28.301103052959988,-31.714851864255696,86,9.273618495495704,3.413748811295708,-44.10201264531602,-19.327691083195365,False,-46.47506432558103,-16.95463940293036,False,-48.59453982372954,-14.83516390478185,False,-51.113059221321784,-12.316644507189608,False,-56.49534479657299,-6.934358931938405,False
2008-04-30,-28.760257835100447,-31.758195927653077,87,9.327379053088816,2.99793809255263,-44.21716693801158,-19.299224917294573,False,-46.6039755548586,-16.912416300447553,False,-48.735737970421354,-14.780653884884796,False,-51.268857602775185,-12.247534252530969,False,-56.68234509492554,-6.834046760380616,False
2008-05-01,-27.275760611017105,-31.801581431028794,88,9.38083151964686,4.525820820011688,-44.33195114058118,-19.271211721476405,False,-46.73243785574996,-16.87072500630763,False,-48.876416774853425,-14.726746087204166,False,-51.42405297093488,-12.179109891122707,False,-56.86856356802066,-6.734599294036922,False
2008-05-02,-27.52744924101904,-31.845008374382846,89,9.433981132056603,4.317559133363808,-44.44637224815391,-19.243644500611786,False,-46.86045956346551,-16.82955718530018,False,-49.01658576912096,-14.673430979644735,False,-51.57865628012419,-12.111360468641497,False,-57.05401420960155,-6.636002539164142,False
2008-05-05,-28.459489586395044,-31.888476757715235,90,9.486832980505138,3.428987171320191,-44.56043705990593,-19.21651645552454,False,-46.98804877972337,-16.7889047357071,False,-49.15625421829884,-14.62069929713163,False,-51.73267817780558,-12.044275337624885,False,-57.23871062140793,-6.538242894022535,False
2008-05-06,-29.13851841710797,-31.93198658102596,91,9.539392014169456,2.7934681639179892,-44.67415218666032,-19.1898209753916,False,-47.11521338180509,-16.748759780246832,False,-49.29543113079768,-14.568542031254236,False,-51.886129016481846,-11.97784414557007,False,-57.422666028379524,-6.4413071336723995,False
2008-05-07,-27.78472160388189,-31.97553784431502,92,9.591663046625438,4.190816240433129,-44.78752405811207,-19.163551630517972,False,-47.24196103116479,-16.70911465746525,False,-49.434125268209186,-14.516950420420855,False,-52.03901886501049,-11.912056823619555,False,-57.60589329310961,-6.345182395520432,False
2008-05-08,-28.30748689689763,-32.01913054758242,93,9.643650760992955,3.711643650684792,-44.90055892970061,-19.137702165464233,False,-47.36829918161831,-16.66996191354653,False,-49.57234515467117,-14.465915940493673,False,-52.191357519366,-11.84690357579884,False,-57.78840492959357,-6.249856165571277,False
2008-05-09,-29.071517471521595,-32.06276469082816,94,9.695359714832659,2.9912472193065653,-45.01326288915067,-19.112266492505654,False,-47.49423508713706,-16.631294294519257,False,-49.71009908578062,-14.415430295875701,False,-52.34315451288283,-11.782374868773488,False,-57.97021311631378,-6.155316265342542,False
2008-05-12,-29.44781260639077,-32.10644027405224,95,9.746794344808963,2.65862766766147,-45.12564186270079,-19.087238685403694,False,-47.619775809269825,-16.593104738834654,False,-49.84739513708118,-14.3654854110233,False,-52.494419126009205,-11.718461422095274,False,-58.15132970869984,-6.061550839404639,False
2008-05-13,-28.50310037427404,-32.15015729725466,96,9.797958971132712,3.6470569229806173,-45.2377016210376,-19.062612973471712,False,-47.744928224213844,-16.555386370295473,False,-49.984241172149616,-14.3160734223597,False,-52.64516039560012,-11.655154198909194,False,-58.33176625100002,-5.968548343509294,False
2008-05-14,-28.22865786142076,-32.19391576043542,97,9.848857801796104,3.965257899014656,-45.349447784952616,-19.038383735918217,False,-47.869699029555285,-16.518132491315548,False,-50.120644850304174,-14.267186670566662,False,-52.79538712377585,-11.592444397094983,False,-58.51153398759763,-5.876297533273203,False
2008-05-15,-29.263482159976306,-32.237715663594514,98,9.899494936611665,2.9742335036182084,-45.46088583073719,-19.014545496451838,False,-47.99409475069778,-16.48133657649125,False,-50.256613633956206,-14.218817693232818,False,-52.94510788637046,-11.53032344081857,False,-58.69064387380372,-5.784787453385306,False
2008-05-16,-30.67987765192852,-32.28155700673195,99,9.9498743710662,1.60167935480343,-45.572021095330456,-18.991092918133447,False,-48.11812174699655,-16.444992266467352,False,-50.392154795625146,-14.170959217838757,False,-53.094331040993396,-11.468782972470507,False,-58.86910658615546,-5.694007427308442,False
2008-05-19,-30.341209518454328,-32.32543978984773,100,10.0,1.9842302713934004,-45.68285878123378,-18.968020798461673,False,-48.24178621761433,-16.409093362081123,False,-50.52727542463526,-14.123604155060196,False,-53.24306473472551,-11.407814844969948,False,-59.04693253224752,-5.603947047447939,False
2008-05-20,-31.60460877957037,-32.369364012941844,101,10.04987562112089,0.7647552333714742,-45.79340396120463,-18.945324064679053,False,-48.36509420711446,-16.37363381876923,False,-50.661982433511916,-14.076745592371772,False,-53.39131691146959,-11.347411114414104,False,-59.224131860122085,-5.514596165761603,False
2008-05-21,-32.475728434514494,-32.4133296760143,102,10.099504938362077,-0.06239875850019416,-45.90366158274179,-18.922997769286813,False,-48.48805161080534,-16.338607741223257,False,-50.79628256409345,-14.030376787935147,False,-53.53909531897419,-11.287564033054409,False,-59.400714467241606,-5.425944884786993,False
2008-05-22,-31.71757090701581,-32.457336779065095,103,10.14889156509222,0.7397658720492863,-46.01363647237315,-18.90103708575704,False,-48.61066417984971,-16.30400937828048,False,-50.93018239337411,-13.98449116475608,False,-53.68640751554837,-11.228266042581826,False,-59.57669000906651,-5.337983549063679,False
2008-05-23,-31.93898853516636,-32.50138532209423,104,10.198039027185569,0.5623967869278701,-46.1233333397567,-18.87943730443176,False,-48.732937526151176,-16.269833118037287,False,-51.06368833909225,-13.939082305096203,False,-53.83326087648363,-11.169509767704831,False,-59.75206790725913,-5.25070273692933,False
2008-05-26,-31.904181362190272,-32.545475305101704,105,10.246950765959598,0.6412939429114317,-46.232756781604365,-18.858193828599042,False,-48.85487712702984,-16.236073483173573,False,-51.19680666507739,-13.894143945126022,False,-53.9796626001988,-11.111288010004607,False,-59.926857357533436,-5.164093252669968,False
2008-05-27,-30.45703392265293,-32.58960672808752,106,10.295630140987,2.132572805434588,-46.341911285438165,-18.83730217073687,False,-48.97648832969798,-16.202725126477056,False,-51.32954348636849,-13.849669969806538,False,-54.12561971412204,-11.053593742052996,False,-60.101067337169184,-5.078146119005851,False
2008-05-28,-30.31100885931113,-32.63377959105167,107,10.344080432788601,2.3227707317405404,-46.45080123318721,-18.816757948916134,False,-49.0977763555462,-16.169782826557142,False,-51.461904774115666,-13.80565440798767,False,-54.27113908032377,-10.99642010177957,False,-60.274706612207694,-4.992852569895643,False
2008-05-29,-28.84510310403439,-32.67799389399416,108,10.392304845413264,3.832890789959773,-46.559430904633814,-18.796556883354516,False,-49.21874630424966,-16.137241483738666,False,-51.59389636027599,-13.762091427712335,False,-54.41622740091323,-10.939760387075093,False,-60.44778374434583,-4.908204043642495,False
2008-05-30,-29.41483581718121,-32.722249636914995,109,10.44030650891055,3.3074138197337852,-46.66780448071632,-18.77669479311367,False,-49.339403157703686,-16.105096116126308,False,-51.72552394211422,-13.718975331715768,False,-54.56089122321072,-10.883608050619276,False,-60.62030709754325,-4.82419217628674,False
2008-06-02,-28.902150309099472,-32.76654681981417,110,10.488088481701515,3.8643965107146947,-46.775926046695886,-18.757167592932447,False,-49.45975178379716,-16.07334185583117,False,-51.856793086518095,-13.676300553110234,False,-54.70513694470666,-10.827956694921674,False,-60.79228484435755,-4.74080879527078,False
2008-06-03,-27.7848796816162,-32.81088544269168,111,10.535653752852738,5.026005761075478,-46.88379959519397,-18.737971290189385,False,-49.579796940032026,-16.04197394535133,False,-51.987709234137476,-13.63406165124588,False,-54.84897081781844,-10.772800067564916,False,-60.96372497202083,-4.658045913362525,False
2008-06-04,-27.1339413583835,-32.85526550554753,112,10.583005244258363,5.7213241471640295,-46.99142902910702,-18.71910198198804,False,-49.69954327699621,-16.010987734098848,False,-52.11827770335605,-13.592253307739007,False,-54.992398954454636,-10.718132056640421,False,-61.1346352882704,-4.575895722824654,False
2008-06-05,-28.49353284248407,-32.89968700838172,113,10.63014581273465,4.40615416589765,-47.09881816440419,-18.70055585235924,False,-49.818995341697445,-15.980378675065992,False,-52.24850369410382,-13.550870322659616,False,-55.135427330396354,-10.66394668636708,False,-61.305023426945766,-4.4943505898176745,False
2008-06-06,-29.44229364328688,-32.94414995119425,114,10.677078252031311,3.5018563079073672,-47.20597073281405,-18.68232916957444,False,-49.93815758076455,-15.950142321623943,False,-52.3783922915181,-13.509907610870396,False,-55.27806178950446,-10.61023811288403,False,-61.47489685336318,-4.4134030490253195,False
2008-06-09,-28.31405757804667,-32.98865433398512,115,10.723805294763608,4.674596755938449,-47.31289038440529,-18.66441828356494,False,-50.05703434352265,-15.920274324447583,False,-52.50794846946026,-13.469360198509971,False,-55.42030804776108,-10.557000620209152,False,-61.64426286947854,-4.3330457984917,False
2008-06-10,-26.10945189144852,-33.033200156754326,116,10.770329614269007,6.923748265305807,-47.41958069006677,-18.64681962344188,False,-50.175629884948265,-15.890770428560387,False,-52.63717709389523,-13.429223219613416,False,-55.56217169715325,-10.504228616355398,False,-61.81312861884861,-4.253271694660047,False
2008-06-11,-27.21349852495232,-33.077787419501874,117,10.816653826391969,5.864288894549553,-47.52604514389155,-18.6295296951122,False,-50.29394836851005,-15.861626470493697,False,-52.7660829261401,-13.389491912863647,False,-55.703658209406306,-10.451916629597441,False,-61.98150109140026,-4.174073747603483,False
2008-06-12,-26.015517582538724,-33.12241612222776,118,10.862780491200215,7.106898539689038,-47.632287165469336,-18.61254507898619,False,-50.411993868900495,-15.832838375555031,False,-52.894670625988056,-13.350161618467471,False,-55.84477293957389,-10.40005930488163,False,-62.14938712801661,-4.095445116438906,False
2008-06-13,-26.03362667843186,-33.16708626493199,119,10.908712114635714,7.133459586500127,-47.73831010209181,-18.59586242777217,False,-50.52977037466363,-15.804402155200346,False,-53.022944754713464,-13.31122777515051,False,-55.98552112949143,-10.348651400372546,False,-62.31679342494868,-4.0173791049153,False
2008-06-16,-27.16890832139981,-33.211797847614555,120,10.954451150103322,6.0428895262147435,-47.84411723087465,-18.57947846435446,False,-50.64728179072363,-15.776313904505479,False,-53.15090977796355,-13.272685917265562,False,-56.12590791109919,-10.29768778412992,False,-62.48372653806045,-3.939869157168662,False
2008-06-17,-27.276909353518327,-33.25655087027546,121,11.0,5.979641516757134,-47.94971176080013,-18.5633899797508,False,-50.76453194081873,-15.748569799732199,False,-53.27857006854175,-13.234531672009176,False,-56.265938309641015,-10.247163430909904,False,-62.65019288691523,-3.8629088536356946,False
2008-06-18,-27.49495105358454,-33.30134533291471,122,11.045361017187261,5.806394279330167,-48.05509683468394,-18.547593831145473,False,-50.8815245698448,-15.72116609598461,False,-53.405929909087924,-13.19676075674149,False,-56.40561724674439,-10.197073419085022,False,-62.8161987587102,-3.7864919071192134,False
2008-06-19,-27.3533546367515,-33.34618123553229,123,11.090536506409418,5.992826598780791,-48.160275531069644,-18.53208693999494,False,-50.99826334611276,-15.694099124951826,False,-53.53299349465979,-13.159368976404796,False,-56.54494954338702,-10.14741292767756,False,-62.98175031206621,-3.7106121589983765,False
2008-06-20,-27.9212019044628,-33.39105857812822,124,11.135528725660043,5.469856673665415,-48.26525086605386,-18.51686629020257,False,-51.11475186352338,-15.667365292733056,False,-53.65976493522014,-13.122352221036298,False,-56.68393992275517,-10.098177233501257,False,-63.146853580679135,-3.6352635755772944,False
2008-06-23,-26.91578729627564,-33.43597736070248,125,11.180339887498949,6.520190064426842,-48.37002579504543,-18.501928926359533,False,-51.23099364366352,-15.640961077741444,False,-53.786248258033964,-13.085706463371,False,-56.82259301299848,-10.049361708406476,False,-63.31151447683908,-3.5604402445658785,False
2008-06-24,-27.300249013646045,-33.480937583255084,126,11.224972160321824,6.180688569609039,-48.47460321446133,-18.487271952048836,False,-51.346992137826874,-15.614883028683298,False,-53.912447409979464,-13.049427756530704,False,-56.96091334988573,-10.000961816624443,False,-63.475738794823016,-3.4861363716871523,False
2008-06-25,-27.885167800633685,-33.52593924578603,127,11.269427669584644,5.6407714451523425,-48.57898596336217,-18.472892528209883,False,-51.462750728962796,-15.589127762609259,False,-54.038366259776666,-13.013512231795389,False,-57.09890537936599,-9.952973112206067,False,-63.639532214166564,-3.4123462774054865,False
2008-06-26,-28.98719752065893,-33.57098234829531,128,11.313708498984761,4.583784827636379,-48.6831768250298,-18.458787871560823,False,-51.57827273355619,-15.563691963034433,False,-54.16400860013725,-12.977956096453369,False,-57.23657346003925,-9.90539123655137,False,-63.80290030282012,-3.3390643937704994,False
2008-06-27,-29.5292731461341,-33.61606689078293,129,11.357816691600547,4.086793744648833,-48.787178528489605,-18.444955253076262,False,-51.69356140344136,-15.538572378124506,False,-54.28937814983888,-12.942755631726982,False,-57.37392186554021,-9.858211916025649,False,-63.96584852019405,-3.266285261371813,False
2008-06-30,-29.178990295939187,-33.66119287324889,130,11.40175425099138,4.482202577309707,-48.890993749979785,-18.431391996518,False,-51.808619927552826,-15.513765818944961,False,-54.414478555727406,-12.90790719077038,False,-57.51095478683925,-9.81143095965854,False,-64.1283822200981,-3.194003526399687,False
2008-07-01,-29.72153278400846,-33.706360295693194,131,11.445523142259598,3.9848275116847347,-48.99462511436989,-18.4180954770165,False,-51.92345143361555,-15.489269157770842,False,-54.53931339464981,-12.873407196736583,False,-57.647676334463725,-9.765044256922668,False,-64.29050665357906,-3.1222139378073273,False
2008-07-02,-29.91965803724272,-33.751569158115835,132,11.489125293076057,3.831911120873116,-49.09807519653064,-18.405063119701033,False,-52.03805898977724,-15.465079326454433,False,-54.66388617532089,-12.83925214091078,False,-57.784090540643234,-9.71904777558844,False,-64.4522269716612,-3.0509113445704656,False
2008-07-03,-28.847085381471736,-33.796819460516815,133,11.532562594670797,4.949734079045079,-49.20134652265723,-18.392292398376398,False,-52.15244560618514,-15.441193314848487,False,-54.78820034012648,-12.805438580907147,False,-57.92020136138184,-9.673437559651788,False,-64.6135482279935,-2.9800906930401183,False
2008-07-04,-28.761922372719724,-33.842111202896135,134,11.575836902790225,5.080188830176411,-49.304441571547905,-18.379780834244364,False,-52.26661423650954,-15.417608169282733,False,-54.9122592668657,-12.771963138926566,False,-58.05601267846029,-9.628209727331978,False,-64.7744753814074,-2.9097470243848704,False
2008-07-07,-28.14325418176172,-33.887444385253794,135,11.61895003862225,5.744190203492074,-49.40736277583965,-18.367525994667936,False,-52.38056777941618,-15.394320991091405,False,-55.036066270434844,-12.738822500072747,False,-58.191528301371136,-9.583360469136451,False,-64.93501329838881,-2.8398754721187736,False
2008-07-08,-27.8030493132936,-33.93281900758979,136,11.661903789690601,6.1297696942961934,-49.51011252320282,-18.355525491976763,False,-52.494309079989776,-15.371328935189812,False,-55.15962460445521,-12.706013410724374,False,-58.32675196918947,-9.538886045990107,False,-65.095166755468,-2.7704712597115915,False
2008-07-09,-28.057772930019368,-33.97823506990413,137,11.704699910719626,5.920462139884762,-49.61269315749623,-18.34377698231203,False,-52.607840931110374,-15.34862920869789,False,-55.28293746284723,-12.673532676961035,False,-58.46168735238189,-9.494782787426374,False,-65.25494044153032,-2.7015296982779375,False
2008-07-10,-28.909742411934207,-34.02369257219681,138,11.74734012447073,5.1139501602626005,-49.71510697988448,-18.33227816450913,False,-52.721166074784705,-15.326219069608907,False,-55.406007981352886,-12.641377163040733,False,-58.59633805455607,-9.451047089837548,False,-65.41433896005145,-2.633046184342163,False
2008-07-11,-29.63702920953288,-34.069191514467825,139,11.789826122551595,4.432162304934945,-49.81735624991884,-18.32102677901681,False,-52.83428720343417,-15.304095825501477,False,-55.528839239008676,-12.60954378992697,False,-58.730707614153516,-9.407675414782133,False,-65.57336683125962,-2.5650161976760373,False
2008-07-14,-29.84490744816344,-34.11473189671718,140,11.832159566199232,4.2698244485537415,-49.919443186583166,-18.310020606851197,False,-52.94720696114114,-15.282256832293221,False,-55.65143425957092,-12.578029533863443,False,-58.86479950608751,-9.364664287346852,False,-65.73202849422808,-2.4974352992062805,False
2008-07-15,-29.57577613744337,-34.16031371894488,141,11.874342087037917,4.5845375815015075,-50.02136996930638,-18.299257468583377,False,-53.05992794485533,-15.26069949303442,False,-55.77379601289529,-12.546831424994465,False,-58.99861714332852,-9.322010294561238,False,-65.89032830890048,-2.4302991289892724,False
2008-07-16,-29.23994326083029,-34.20593698115091,142,11.916375287812984,4.965993720320622,-50.12313873894258,-18.288735223359247,False,-53.17245270556175,-15.23942125674007,False,-55.89592741627251,-12.515946546029319,False,-59.132163878439115,-9.27971008386271,False,-66.0482705580516,-2.3636034042502274,False
2008-07-17,-28.56951768688432,-34.25160168333529,143,11.958260743101398,5.682083996450967,-50.22475159872018,-18.278451767950394,False,-53.284783749411645,-15.218419617258935,False,-56.01783133572168,-12.485372030948898,False,-59.265443005060334,-9.237760361610238,False,-66.20585944918612,-2.297343917484458,False
2008-07-18,-28.74735713311354,-34.297307825498,144,12.0,5.5499506923844635,-50.32621061516127,-18.268405035834736,False,-53.39692353881793,-15.197692112178078,False,-56.13951058724304,-12.455105063752963,False,-59.39845775935134,-9.196157891644667,False,-66.36309911637775,-2.231516534618258,False
2008-07-21,-29.591538342633143,-34.343055407639056,145,12.041594578792296,4.751517065005913,-50.42751781897222,-18.258592996305897,False,-53.5088744935165,-15.177236321761612,False,-56.260967938031655,-12.425142877246458,False,-59.531211321384134,-9.154899493893979,False,-66.51999362205095,-2.1661171932271586,False
2008-07-22,-28.603020917566724,-34.38884442975845,146,12.083045973594572,5.785823512191726,-50.52867520590675,-18.249013653610152,False,-53.62063899159461,-15.15704986792229,False,-56.38220610765342,-12.39548275186348,False,-59.663706816495136,-9.113982043021764,False,-66.67654695870749,-2.1011419008094165,False
2008-07-23,-27.07342433106268,-34.43467489185618,147,12.12435565298214,7.361250560793504,-50.62968473760243,-18.23966504610993,False,-53.7322193704876,-15.13713041322477,False,-56.50322776918498,-12.366122014527384,False,-59.7959473165951,-9.073402467117269,False,-66.8327630505998,-2.0365867331125713,False
2008-07-24,-26.577332463773608,-34.480546793932255,148,12.165525060596439,7.903214330158647,-50.73054834239164,-18.230545245472868,False,-53.843617927945175,-15.117475659919332,False,-56.62403555031876,-12.337058037545752,False,-59.92793584143904,-9.033157746425474,False,-66.9886457553533,-1.9724478325112074,False
2008-07-25,-26.723454351307467,-34.52646013598667,149,12.206555615733702,7.8030057846792005,-50.83126791608781,-18.22165235588552,False,-53.95483692296841,-15.09808334900492,False,-56.744632034434424,-12.30828823753891,False,-60.05967535985759,-8.993244912115745,False,-67.14419886553941,-1.9087214064339193,False
2008-07-28,-26.75229793108416,-34.57241491801942,150,12.24744871391589,7.820116986935258,-50.9318453227481,-18.212984513290735,False,-54.065878576718404,-15.078951259320434,False,-56.86501976163812,-12.279810074400718,False,-60.19116879095125,-8.953661045087589,False,-67.29942611020113,-1.8454037258377127,False
2008-07-29,-25.80361353946736,-34.61841114003051,151,12.288205727444508,8.81479760056315,-51.03228239541313,-18.204539884647893,False,-54.17674507339776,-15.060077206663259,False,-56.98520122977048,-12.251621050290538,False,-60.32241900524883,-8.914403274812187,False,-67.4543311563329,-1.7824911237281142,False
2008-07-30,-25.880787247743704,-34.66444880201994,152,12.328828005937952,8.783661554276236,-51.13258093682472,-18.196316667215154,False,-54.28743856110588,-15.041459042934001,False,-57.10517889538474,-12.223718708655145,False,-60.45342882583149,-8.875468778208393,False,-67.60891761031657,-1.7199799937233138,False
2008-07-31,-25.534138572107384,-34.71052790398771,153,12.36931687685298,9.176389331880326,-51.232742720122516,-18.188313087852904,False,-54.39796115266892,-15.023094655306501,False,-57.22495517469585,-12.196100633279567,False,-60.58420102942347,-8.836854778551949,False,-67.76318901931472,-1.657866788660698,False
2008-08-01,-25.210106373721374,-34.75664844593382,154,12.409673645990857,9.546542072212446,-51.33276948951995,-18.18052740234769,False,-54.508314926445415,-15.004981965422225,False,-57.34453244450183,-12.16876444736581,False,-60.71473834745089,-8.798558544416746,False,-67.91714887262327,-1.5961480192443602,False
2008-08-04,-24.237396613569345,-34.80281042785827,155,12.449899597988733,10.565413814288924,-51.4326629609607,-18.172957894755836,False,-54.618501927108355,-14.987118928608187,False,-57.463913043078094,-12.14170781263844,False,-60.845043467069566,-8.760577388646972,False,-68.07080060298446,-1.5348202527320751,False
2008-08-05,-23.41177511596913,-34.84901384976106,156,12.489995996796797,11.437238733791926,-51.53242482275599,-18.165602876766123,False,-54.72852416640464,-14.969503533117472,False,-57.58309927104601,-12.114928428476102,False,-60.975119032163086,-8.722908667359029,False,-68.22414758786186,-1.4738801116602573,False
2008-08-06,-23.22395331694069,-34.895258711642185,157,12.529964086141668,11.671305394701495,-51.63205673620358,-18.15846068708079,False,-54.83838362389266,-14.95213379939171,False,-57.70209339221633,-12.088424031068044,False,-61.104967644312154,-8.68554977897222,False,-68.37719315067864,-1.4133242726057276,False
2008-08-07,-22.41658758856639,-34.94154501350165,158,12.569805089976535,12.524957424935263,-51.73156033618902,-18.151529690814282,False,-54.948082247658704,-14.935007779344602,False,-57.82089763440851,-12.062192392594792,False,-61.23459186373614,-8.648498163267167,False,-68.52994056202044,-1.353149464982863,False
2008-08-08,-19.886725325326054,-34.98787275533946,159,12.609520212918492,15.101147430013405,-51.83093723176984,-18.14480827890908,False,-55.05762195501306,-14.918123555665858,False,-57.93951419024681,-12.036231320432112,False,-61.3639942102079,-8.61175130047102,False,-68.68239304080396,-1.2933524698749679,False
2008-08-11,-18.487677692961665,-35.034241937155606,160,12.649110640673518,16.54656424419394,-51.93018900674319,-18.138294867568018,False,-55.16700463316646,-14.90147924114476,False,-58.05794521793375,-12.010538656377467,False,-61.49317716394274,-8.575306710368473,False,-68.83455375541254,-1.2339301188986695,False
2008-08-12,-17.836449556791695,-35.08065255895009,161,12.68857754044952,17.244203002158397,-52.02931722019759,-18.131987897702594,True,-55.27623213988742,-14.885072978012765,False,-58.176192842001974,-11.98511227589821,False,-61.62214316646238,-8.539161951437809,False,-68.98642582479997,-1.1748792931002114,False
2008-08-13,-18.13644749870111,-35.12710462072292,162,12.727922061357855,16.99065712202181,-52.128323407049216,-18.12588583439662,False,-55.3853063041414,-14.868902937304433,False,-58.29425915404509,-11.959950087400738,False,-61.750894621434846,-8.50331462001099,False,-69.13801231956333,-1.116196921882512,False
2008-08-14,-17.016987767647304,-35.17359812247408,163,12.767145334803704,18.15661035482678,-52.22720907856338,-18.119987166384792,True,-55.49422892671208,-14.852967318236082,False,-58.41214621342823,-11.935050031519935,False,-61.879433895491076,-8.46776234945709,False,-69.28931626298613,-1.0578799819620315,False
2008-08-15,-15.83667758808786,-35.22013306420359,164,12.806248474865697,19.383455476115728,-52.325975722861564,-18.11429040554561,True,-55.6030017808056,-14.837264347601572,False,-58.52985604797898,-11.910410080428193,False,-62.00776331901896,-8.432502809388215,False,-69.4403406320528,-0.9999254963543791,False
2008-08-18,-15.82887978554011,-35.26670944591143,165,12.84523257866513,19.43782966037132,-52.42462480541468,-18.10879408640818,True,-55.71162661263823,-14.821792279184638,False,-58.6473906546595,-11.886028237163359,False,-62.135885186935674,-8.397533704887188,False,-69.59108835843519,-0.9423305333876755,False
2008-08-19,-16.748290348445213,-35.313327267597614,166,12.884098726725126,18.5650369191524,-52.523157769522726,-18.103496765672503,True,-55.82010514200799,-14.806549393187243,False,-58.76475200022023,-11.861902534975005,False,-62.26380175943897,-8.36285277575626,False,-69.74156232945239,-0.8850922057428363,False
2008-08-20,-16.704748216486248,-35.35998652926214,167,12.922847983320086,18.65523831277589,-52.621576036781605,-18.098397021742667,True,-55.928439062850885,-14.791533995673387,False,-58.88194202183591,-11.838031036688363,False,-62.39151526273811,-8.328457795786164,False,-69.89176538900448,-0.8282076695197986,False
2008-08-21,-18.977273784351933,-35.406687230905,168,12.96148139681572,16.429413446553067,-52.71988100753734,-18.09349345427266,False,-56.03663004378212,-14.776744418027882,False,-58.99896262772461,-11.81441183408539,False,-62.519027889765184,-8.29434657204482,False,-70.04170033848112,-0.7716741233288857,False
2008-08-22,-17.651834514928574,-35.4534293725262,169,13.0,17.801594857597628,-52.818074061328076,-18.088784683724327,True,-56.14467972862279,-14.762179016429616,False,-59.115815697749994,-11.79104304730241,False,-62.64634180086732,-8.260516944185088,False,-70.19136993764593,-0.71548880740648,False
2008-08-25,-17.017329375312702,-35.50021295412574,170,13.038404810405298,18.48288357881304,-52.91615655731445,-18.08426935093704,True,-56.25258973691267,-14.747836171338818,False,-59.232503084007774,-11.767922824243708,False,-62.773459124480574,-8.226966783770912,False,-70.34077690549731,-0.659649002754179,False
2008-08-26,-16.656645788817585,-35.547037975703624,171,13.076696830622021,18.89039218688604,-53.014129834698466,-18.07994611670878,True,-56.360361664409396,-14.733714286997856,False,-59.34902661139654,-11.745049340010713,False,-62.90038195778597,-8.193693993621284,False,-70.48992392110648,-0.6041520303007601,False
2008-08-27,-17.253859168998435,-35.593904437259845,172,13.114877048604,18.34004526826141,-53.111995213131465,-18.075813661388224,True,-56.467997083574495,-14.719811790945194,False,-59.46538807817359,-11.7224207963461,False,-63.02711236734825,-8.160696507171433,False,-70.63881362443358,-0.5489952500861079,False
2008-08-28,-17.304018724155537,-35.640812338794404,173,13.152946437965905,18.336793614638868,-53.20975399311134,-18.071870684477467,True,-56.57549754404681,-14.706127133541994,False,-59.58158925649636,-11.700035421092448,False,-63.1536523897381,-8.12797228785071,False,-70.78744861712232,-0.49417606046649354,False
2008-08-29,-16.47362667642698,-35.687761680307304,174,13.19090595827292,19.214135003880322,-53.30740745636952,-18.068115904245087,True,-56.682864573103544,-14.692658787511064,False,-59.69763189294963,-11.677891467664981,False,-63.28000403213796,-8.095519328476648,False,-70.9358314632741,-0.4396918973405093,False
2008-09-01,-16.438497630865925,-35.73475246179854,175,13.228756555322953,19.296254830932618,-53.4049568662479,-18.06454805734918,True,-56.79009967610939,-14.67940524748769,False,-59.81351770905919,-11.655987214537895,False,-63.40616927293243,-8.063335650664659,False,-71.08396469020212,-0.3855402333949556,False
2008-09-02,-13.961609757408985,-35.78178468326812,176,13.2664991614216,21.820174925859135,-53.50240346806613,-18.061165898470115,True,-56.89720433695425,-14.66636502958199,True,-59.92924840179238,-11.63432096474386,False,-63.53215006228338,-8.03141930425286,False,-71.23185078916615,-0.33171857737010413,False
2008-09-03,-13.876866590284516,-35.82885834471604,177,13.30413469565007,21.951991754431525,-53.59974848947948,-18.057968199952597,True,-57.004180018479616,-14.653536670952466,True,-60.0448256440457,-11.612891045386373,False,-63.65794832269043,-7.999768366741652,False,-71.3794922160883,-0.27822447334378353,False
2008-09-04,-12.24496430826823,-35.8759734461423,178,13.341664064126334,23.631009137874067,-53.69699314082769,-18.0549537514569,True,-57.11102816289422,-14.640918729390371,True,-60.160251085120194,-11.591695807164399,False,-63.78356594953714,-7.9683809427474515,False,-71.52689139225109,-0.2250555000335055,False
2008-09-05,-12.07936173879029,-35.92312998754689,179,13.379088160259652,23.843768248756604,-53.79413861547495,-18.052121359618834,True,-57.21775019217921,-14.628509782914577,True,-60.27552635118471,-11.570733623909081,False,-63.90900481162352,-7.937255163470269,False,-71.67405070497742,-0.17220927011636888,False
2008-09-08,-11.235138569121064,-35.97032796892983,180,13.416407864998739,24.735189399808768,-53.891186090141375,-18.04946984771829,True,-57.32434750848307,-14.616308429376588,True,-60.3906530457276,-11.550002892132053,True,-64.03426675168504,-7.906389186174625,False,-71.82097250829375,-0.11968342956590305,False
2008-09-09,-9.968401159171451,-36.017567390291106,181,13.45362404707371,26.049166231119656,-53.988136725226155,-18.046998055356056,True,-57.43082149450676,-14.604313286075453,True,-60.505632749997176,-11.529502030585032,True,-64.15935358689876,-7.875781193683448,False,-71.96765912357665,-0.06747565700556635,False
2008-09-10,-8.493610376128347,-36.06484825163072,182,13.490737563232042,27.571237875502376,-54.084991665122814,-18.044704838138628,True,-57.537173513879225,-14.592522989382218,True,-60.62046702343109,-11.50922947983035,True,-64.28426710937694,-7.845429393884498,False,-72.11411284018324,-0.015583663078203358,False
2008-09-11,-7.539040012700674,-36.112170552948676,183,13.527749258468683,28.573130540248002,-54.1817520385265,-18.042589067370855,True,-57.64340491152371,-14.580936194373642,True,-60.73515740407527,-11.489183701822085,True,-64.40900908664833,-7.815332019249034,True,-72.26033591606618,0.03599481016883033,False
2008-09-12,-9.650495321856756,-36.15953429424497,184,13.564659966250536,26.509038972388215,-54.27841895873388,-18.040649629756064,True,-57.74951701401501,-14.569551574474932,True,-60.849705408992456,-11.469363179497485,True,-64.53358126212768,-7.785487326362251,False,-72.40633057837343,0.0872619898834941,False
2008-09-15,-8.827845046615012,-36.206939475519604,185,13.601470508735444,27.379094428904594,-54.37499352393562,-18.038885427103587,True,-57.85551112992802,-14.558367821111187,True,-60.964112534660856,-11.449766416378353,True,-64.657985355574,-7.755893595465206,False,-72.5520990240335,0.13822007299428662,False
2008-09-16,-8.190229122000305,-36.25438609677258,186,13.638181696985855,28.064156974772274,-54.47147681750184,-18.03729537604332,True,-57.961388550177844,-14.547383643367308,True,-61.078380257363,-11.430391936182154,True,-64.78222306353726,-7.726549130007889,False,-72.6976434203263,0.18887122678113855,False
2008-09-17,-11.65980215502815,-36.30187415800389,187,13.674794331177344,24.64207200297574,-54.567869908260555,-18.035878407747227,True,-58.06715054835164,-14.53659776765614,True,-61.19251003356533,-11.411238282442458,False,-64.90629605979474,-7.697452256213044,False,-72.84296590544041,0.23921758943262716,False
2008-09-18,-11.455191895937748,-36.34940365921354,188,13.711309200802088,24.894211763275795,-54.66417385076956,-18.034633467657525,True,-58.17279838103251,-14.526008937394575,True,-61.306503300288504,-11.392304018138582,False,-65.03020599577654,-7.668601322650545,False,-72.98806858901679,0.28926127058969797,False
2008-09-19,-13.443367425338645,-36.396974600401535,189,13.74772708486752,22.953607175062892,-54.76038968558173,-18.033559515221345,True,-58.27833328811567,-14.515615912687402,True,-61.42036147546907,-11.373587725333998,False,-65.1539545009812,-7.639994699821862,False,-73.13295355267958,0.3390043518765111,False
2008-09-22,-17.150468743028597,-36.444586981567866,190,13.784048752090222,19.29411823853927,-54.856518439503986,-18.032655523631746,True,-58.38375649311706,-14.505417470018674,False,-61.5340859583123,-11.355088004823426,False,-65.27754318338125,-7.611630779754481,False,-73.27762285055424,0.38844888741850525,False
2008-09-23,-15.22028813014172,-36.49224080271254,191,13.820274961085254,21.27195267257082,-54.95256112585027,-18.0319204795748,True,-58.489069203474685,-14.495412401950386,False,-61.64767812963689,-11.33680347578819,False,-65.4009736298192,-7.583507975605869,False,-73.42207850977346,0.43759690434837495,False
2008-09-24,-14.20525513080124,-36.53993606383555,192,13.856406460551018,22.334680933034306,-55.04851874468841,-18.031353382982687,True,-58.59427261084288,-14.48559951682822,True,-61.761139352211316,-11.318732775459775,False,-65.52424740639431,-7.555624721276789,False,-73.56632253097109,0.48645040330000455,False
2008-09-25,-14.279996326598878,-36.5876727649369,193,13.892443989449804,22.30767643833802,-55.14439228308129,-18.03095324679251,True,-58.699367891379595,-14.475977638494196,True,-61.87447097108263,-11.300874558791165,False,-65.64736605884016,-7.527979471033639,False,-73.71035688876475,0.5350113588909551,False
2008-09-26,-13.905128901368595,-36.63545090601659,194,13.92838827718412,22.73032200464799,-55.24018271532239,-18.03071909671078,True,-58.80435620602715,-14.466545606006019,True,-61.98767431389727,-11.283227498135904,False,-65.77033111289356,-7.500570699139608,False,-73.85418353222676,0.5832817201935896,False
2008-09-29,-11.584328811054409,-36.683270487074616,195,13.96424004376894,25.098941676020207,-55.335891003165905,-18.030649970983326,True,-58.90923870078633,-14.457302273362902,True,-62.10075069121467,-11.265790282934564,False,-65.89314407465486,-7.473396899494379,False,-73.99780438534464,0.6312634111954125,False
2008-09-30,-8.70608331536794,-36.731131508110984,196,14.0,28.025048192743043,-55.43151809605146,-18.030744920170505,True,-59.01401650698423,-14.448246509237741,True,-62.21370139681353,-11.248561619408438,True,-66.01580643093988,-7.4464565852820925,False,-74.14122134747069,0.6789583312487224,False
2008-10-01,-8.59505402923961,-36.77903396912569,197,14.035668847618199,28.183979939886083,-55.52706493132379,-18.031003006927595,True,-59.118690741535985,-14.439377196715398,True,-62.32652770799111,-11.231540230260272,True,-66.13831964962392,-7.419748288627453,False,-74.28443629376135,0.7263683555099618,False
2008-10-02,-5.012567966632473,-36.82697787011874,198,14.071247279470288,31.814409903486265,-55.62253243444732,-18.03142330579016,True,-59.22326250720049,-14.430693233036994,True,-62.43923088585568,-11.214724854381796,True,-66.26068517997787,-7.393270560259609,True,-74.42745107560654,0.7734953353690699,False
2008-10-03,-5.108615808307782,-36.874963211090126,199,14.106735979665885,31.766347402782344,-55.717921519215935,-18.032004902964317,True,-59.3277328928303,-14.422193529349954,True,-62.55181217561232,-11.198114246567933,True,-66.38290445299653,-7.367021969183728,True,-74.57026752104932,0.8203410988690649,False
2008-10-06,-2.476352962939028,-36.92298999203985,200,14.142135623730951,34.44663702910083,-55.81323308795796,-18.032746896121743,True,-59.43210297361595,-14.413877010463757,True,-62.66427280684228,-11.181707177237428,True,-66.50497888171978,-7.341001102359929,True,-74.71288743519585,0.8669074511161554,False
2008-10-07,-4.151019813879404,-36.97105821296792,201,14.177446878757825,32.82003839908852,-55.90846803173659,-18.033648394199243,True,-59.53637381132471,-14.405742614611128,True,-62.77661399377607,-11.16550243215977,True,-66.62690986154635,-7.315206564389488,True,-74.85531260061649,0.9131961746806567,False
2008-10-08,-4.271483269555616,-37.01916787387432,202,14.212670403551895,32.74768460431871,-56.00362723054579,-18.034708517202862,True,-59.64054645453406,-14.39778929321459,True,-62.88883693556042,-11.149498812188224,True,-66.74869877054064,-7.289636977207998,True,-74.99754477773755,0.959209029988898,False
2008-10-09,-3.1606524144472483,-37.06731897475907,203,14.247806848775006,33.90666656031182,-56.09871155350183,-18.035926396016308,True,-59.74462193885993,-14.390016010658208,True,-63.00094281651935,-11.133695132998788,True,-66.87034696973272,-7.2642909797854145,True,-75.1395857052246,1.0049477557064677,False
2008-10-10,2.6631378491240145,-37.11551151562215,204,14.2828568570857,39.778649364746165,-56.19372185903066,-18.037301172213642,True,-59.848601287179925,-14.38242174406438,True,-63.11293280640935,-11.118090224834955,True,-66.9918558034116,-7.239167227832702,True,-75.28143710035721,1.050414069112911,True
2008-10-13,0.2232130875798352,-37.16374549646358,205,14.317821063276353,37.38695858404341,-56.288658995051065,-18.03883199787609,True,-59.95248550985158,-14.375005483075576,True,-63.22480806066908,-11.10268293225807,True,-67.11322659941217,-7.214264393514981,True,-75.42310065939537,1.0956096664682136,False
2008-10-14,-0.1389557325078666,-37.21202091728334,206,14.352700094407323,37.07306518477547,-56.38352379915382,-18.04051803541286,True,-60.05627560492588,-14.3677662296408,True,-63.336569720663505,-11.087472113903178,True,-67.23446066939577,-7.18958116517091,True,-75.56457805793795,1.1405362233712637,False
2008-10-15,2.188710220921957,-37.26033777808144,207,14.38749456993816,39.4490479990034,-56.47831709877701,-18.04235845738587,True,-60.1599725583561,-14.36070299780678,True,-63.448218913922695,-11.07245664224019,True,-67.35555930912464,-7.165116247038238,True,-75.70587095127334,1.1851953951104477,True
2008-10-16,4.524104088407519,-37.308696078857885,208,14.422205101855956,41.832800167265404,-56.57303971137745,-18.044352446338323,True,-60.26357734420212,-14.353814813513651,True,-63.55975675437551,-11.057635403340253,True,-67.47652379873045,-7.140868358985312,True,-75.8469809747224,1.2295888170066291,True
2008-10-17,5.385956782571025,-37.35709581961267,209,14.45683229480096,42.743052602183695,-56.66769244459843,-18.046499194626904,True,-60.36709092483028,-14.347100714395054,True,-63.6711843425782,-11.04300729664713,True,-67.59735540297699,-7.116836236248343,True,-75.98790974397414,1.2737181047488093,True
2008-10-20,4.193768765945225,-37.40553700034579,210,14.491376746189438,41.59930576629101,-56.762276096433894,-18.04879790425768,True,-60.470514251109016,-14.34055974958256,True,-63.78250276593802,-11.028571234753556,True,-67.71805537151718,-7.0930186291743915,True,-76.128658855414,1.3175848547224263,True
2008-10-21,6.631209299663542,-37.45401962105725,211,14.52583904633395,44.085228920720795,-56.85679145538907,-18.051247786725426,True,-60.57384826260025,-14.334190979514247,True,-63.893713098932196,-11.014326143182306,True,-67.83862493914472,-7.069414302969783,True,-76.26922988644526,1.3611906443307618,True
2008-10-22,11.985706253619496,-37.50254368174705,212,14.560219778561036,49.48824993536655,-56.95123930063765,-18.053848062856442,True,-60.67709388774671,-14.327993475747391,True,-64.0048164033221,-11.000270960172,True,-67.95906532604016,-7.046022037453934,True,-76.4096243958035,1.4045370323094062,True
2008-10-23,12.320627763361465,-37.55110918241519,213,14.594519519326424,49.871736945776654,-57.045620402175715,-18.056597962654664,True,-60.7802520440553,-14.32196632077508,True,-64.11581372836298,-10.986404636467398,True,-68.079377738012,-7.0228406268183825,True,-76.5498439238645,1.4476255590341154,True
2008-10-24,14.49318051203047,-37.59971612306167,214,14.628738838327793,52.09289663509214,-57.139935520972315,-18.05949672515102,True,-60.88332363827658,-14.316108607846754,True,-64.2267061110092,-10.972726135114147,True,-68.19956336673245,-6.999868879390885,True,-76.68988999294547,1.4904577468221376,True
2008-10-27,15.458990632923188,-37.64836450368649,215,14.66287829861518,53.10735513660968,-57.234185409116975,-18.062543598256,True,-60.9863095665805,-14.310419440792469,True,-64.33749457611515,-10.95923443125783,True,-68.31962338996848,-6.977105617404494,True,-76.82976410760017,1.5330351002272025,True
2008-10-28,14.246628051888733,-37.697054324289645,216,14.696938456699069,51.94368237617838,-57.32837080996407,-18.065737838615224,True,-61.08921071472843,-14.30489793385086,True,-64.44818013663209,-10.945928511947205,True,-68.43955897180784,-6.954549676771446,True,-76.9694677549077,1.5753591063284063,True
2008-10-29,11.663089144728753,-37.74578558487114,217,14.730919862656235,49.408874729599894,-57.42249245827419,-18.069078711468098,True,-61.19202795824161,-14.299543211500676,True,-64.55876379380072,-10.932807375941572,True,-68.5593712628805,-6.932199906861783,True,-77.10900240475529,1.617431235013001,True
2008-10-30,11.192987177541692,-37.79455828543098,218,14.7648230602334,48.987545462972676,-57.51655108035262,-18.07256549050934,True,-61.294762162566165,-14.294354408295796,True,-64.66924653733989,-10.919870033522077,True,-68.67906140057546,-6.910055170286494,True,-77.24836951011537,1.6592529392534061,True
2008-10-31,12.693410155752796,-37.84337242596916,219,14.798648586948742,50.53678258172195,-57.61054739418491,-18.076197457753402,True,-61.397414183234645,-14.289330668703666,True,-64.77962934563134,-10.90711550630698,True,-68.79863050925309,-6.888114342685228,True,-77.38757050731672,1.7008256553784094,True
2008-11-03,13.63318485976612,-37.892228006485674,220,14.832396974191326,51.52541286625179,-57.7044821095697,-18.079973903401644,True,-61.499984866024306,-14.284471146947045,True,-64.88991318590072,-10.894542827070627,True,-68.91807970045309,-6.8663763125182555,True,-77.52660681631028,1.7421508033389372,True
2008-11-04,8.930639473144227,-37.94112502698053,221,14.866068747318506,46.871764500124755,-57.798355928248824,-18.083894125712234,True,-61.602475047112094,-14.279775006848965,True,-65.00009901439486,-10.882151039566203,True,-69.03741007309829,-6.844839980862776,True,-77.66547984092931,1.7832297869682492,True
2008-11-05,11.02146930579633,-37.990063487453725,222,14.89966442575134,49.011532793250055,-57.89216954403474,-18.08795743087271,True,-61.704885553226575,-14.275241421680878,True,-65.1101877765554,-10.86993919835204,True,-69.15662271369415,-6.823504261213298,True,-77.8041909691444,1.8240639942369512,True
2008-11-06,14.328976919231064,-38.03904338790526,223,14.933184523068078,52.36802030713632,-57.98592364293545,-18.092163132875072,True,-61.807217201796675,-14.270869574013844,True,-65.22018040718908,-10.857906368621435,True,-69.27571869652442,-6.802368079286097,True,-77.94274157331331,1.8646547975027943,True
2008-11-07,13.693386314490008,-38.088064728335134,224,14.966629547095765,51.78145104282514,-58.079618903276796,-18.09651055339347,True,-61.90947080109751,-14.266658655572755,True,-65.33007783063431,-10.846051626035965,True,-69.39469908384265,-6.781430372827614,True,-78.0811330104257,1.9050035537554422,True
2008-11-10,13.65678672672324,-38.13712750874335,225,15.0,51.79391423546659,-58.17325599582243,-18.10099902166426,True,-62.01164715039325,-14.262607867093443,True,-65.43988096092465,-10.834374056562048,True,-69.51356492606001,-6.760690091426678,True,-78.21936662234303,1.9451116048563364,True
2008-11-11,16.244346605122484,-38.1862317291299,226,15.033296378372908,54.43057833425239,-58.26683558389125,-18.10562787436855,True,-62.11374704007713,-14.258716418182676,True,-65.54959070194894,-10.822872756310865,True,-69.6323172619293,-6.740146196330507,True,-78.35744373603356,1.984980277773765,True
2008-11-12,18.486002364058795,-38.23537738949479,227,15.066519173319364,56.72137975355359,-58.36035832347261,-18.110396455516973,True,-62.21577125180866,-14.254983527180926,True,-65.6592079476082,-10.811546831381392,True,-69.75095711872524,-6.719797660264348,True,-78.49536566380286,2.0246108848132707,True
2008-11-13,16.386715641282212,-38.284564489838026,228,15.0996688705415,54.67128013112024,-58.453824863339214,-18.115304116336837,True,-62.317720558648205,-14.251408421027847,True,-65.76873358196946,-10.800395397706598,True,-69.86948551242136,-6.699643467254688,True,-78.63313370351949,2.0640047238434462,True
2008-11-14,16.110327658239118,-38.3337930301596,229,15.132745950421556,54.44412068839871,-58.54723584515773,-18.120350215161462,True,-62.41959572518876,-14.247990335130432,True,-65.87816847941659,-10.789417580902615,True,-69.98790344786322,-6.679682612455981,True,-78.77074913883654,2.1031630785173405,True
2008-11-17,17.52962331801032,-38.38306301045951,230,15.165750888103101,55.91268632846983,-58.64059190359734,-18.125534117321678,True,-62.52139750768531,-14.24472851323371,True,-65.98751350479807,-10.778612516120937,True,-70.10621191893829,-6.659914101980732,True,-78.90821323940852,2.1420872184895074,True
2008-11-18,18.378368033085387,-38.43237443073776,231,15.198684153570664,56.810742463823146,-58.73389366643607,-18.13085519503945,True,-62.62312665418149,-14.241622207294029,True,-66.09676951357207,-10.767979347903449,True,-70.2244119087426,-6.640336952732927,True,-79.04552726110427,2.180778399628757,True
2008-11-19,19.18881829543151,-38.48172729099435,232,15.231546211727817,57.67054558642586,-58.8271417546651,-18.1363128273236,True,-62.72478390463395,-14.238670677354751,True,-66.20593735194839,-10.757517230040307,True,-70.342504389744,-6.620950192244706,True,-79.18269244621553,2.219237864226834,True
2008-11-20,20.745265132867463,-38.53112159122928,233,15.264337522473747,59.27638672409674,-58.920336782591036,-18.14190639986752,True,-62.826369991034156,-14.235873191424403,True,-66.31501785702798,-10.74722532543057,True,-70.46049032394235,-6.601752858516207,True,-79.31971002366157,2.257466841203019,True
2008-11-21,18.692371965334583,-38.58055733144255,234,15.297058540778355,57.272929296777136,-59.013479357936255,-18.147635304948842,True,-62.927885637527964,-14.23322902535713,True,-66.42401185693959,-10.737102805945504,True,-70.57837066302665,-6.582743999858447,True,-79.45658120918989,2.2954665463048016,True
2008-11-24,14.350853870715303,-38.63003451163416,235,15.329709716755891,52.98088838234946,-59.10657008193721,-18.153498941331108,True,-63.029331560532825,-14.230737462735494,True,-66.53292017097377,-10.727148852294548,True,-70.696146348529,-6.563922674739324,True,-79.59330720557296,2.3332381823046475,True
2008-11-25,13.310166695167563,-38.679553131804106,236,15.362291495737216,51.989719826971665,-59.199609549440986,-18.159496714167226,True,-63.13070846885273,-14.228397794755477,True,-66.64174360971441,-10.717362653893794,True,-70.81381831197575,-6.545287951632453,True,-79.7298892028013,2.3707829391930915,True
2008-11-26,13.360375564876078,-38.72911319195239,237,15.394804318340652,52.08948875682847,-59.292598348999945,-18.165628034904845,True,-63.232017063791105,-14.226209320113682,True,-66.75048297516778,-10.707743408737006,True,-70.93138747503585,-6.526838908868932,True,-79.86632837827287,2.4081019943680744,True
2008-11-27,13.508126284636235,-38.77871469207902,238,15.427248620541512,52.286840976715254,-59.38553706296457,-18.171892321193468,True,-63.33325803926134,-14.224171344896707,True,-66.85913906088895,-10.698290323269092,True,-71.04885474966606,-6.508574634491978,True,-80.00262589697874,2.4451965128206936,True
2008-11-28,14.741352317542413,-38.82835763218399,239,15.459624833740307,53.5697099497264,-59.47842626757462,-18.17828899679336,True,-63.43443208189542,-14.222283182472548,True,-66.96771265210604,-10.689002612261927,True,-71.16622103825381,-6.490494226114166,True,-80.1387829116855,2.4820676473175283,True
2008-12-01,18.605945993214068,-38.878042012267294,240,15.491933384829668,57.483988005481365,-59.571266533048444,-18.184817491486147,True,-63.535539871150476,-14.220544153384107,True,-67.07620452584203,-10.679879498692564,True,-71.28348723375709,-6.4725967907775015,True,-80.27480056311398,2.5187165385794046,True
2008-12-02,18.20184066686991,-38.92776783232894,241,15.524174696260024,57.12960849919885,-59.664058423670795,-18.191477240987087,True,-63.63658207941323,-14.218953585244645,True,-67.1846154510342,-10.670920213623674,True,-71.40065421984184,-6.454881444816031,True,-80.41067998011481,2.5551443154569284,True
2008-12-03,18.83231789243452,-38.977535092368925,242,15.556349186104045,57.80985298480344,-59.756802497878844,-18.198267686859005,True,-63.73755937210262,-14.217510812635222,True,-67.29294618865158,-10.662123996086262,True,-71.51772287101684,-6.437347313721013,True,-80.54642227984053,2.5913520951026854,True
2008-12-04,19.26118118469924,-39.02734379238725,243,15.588457268119896,58.28852497708649,-59.84949930834672,-18.20518827642778,True,-63.838472407770496,-14.216215177004003,True,-67.40119749181,-10.653490092964503,True,-71.63469405276587,-6.41999353200864,True,-80.68202856791476,2.6273409831402574,True
2008-12-05,20.72021039911926,-39.07719393238391,244,15.620499351813308,59.797404331503174,-59.94214940206838,-18.212238462699446,True,-63.93932183820034,-14.215066026567484,True,-67.50937010588501,-10.645017758882812,True,-71.75156862167763,-6.4028192430901925,True,-80.8174999385979,2.663112073830078,True
2008-12-08,17.78581686577719,-39.12708551235892,245,15.652475842498529,56.91290237813611,-60.03475332043905,-18.219417704278786,True,-64.04010830850437,-14.214062716213466,True,-67.617464768623,-10.636706256094843,True,-71.86834742557332,-6.3858235991445085,True,-80.95283747495017,2.6986664502323308,True
2008-12-09,18.50078017538534,-39.17701853231226,246,15.684387141358123,57.677798707697605,-60.12731159933509,-18.226725465289437,True,-64.14083245721864,-14.213204607405881,True,-67.72548221024982,-10.628554854374695,True,-71.98503130363156,-6.3690057609929625,True,-81.08804224899123,2.7340051843667013,True
2008-12-10,16.511242469539958,-39.22699299224394,247,15.716233645501712,55.7382354617839,-60.21982476919245,-18.234161215295437,True,-64.24149491639659,-14.212491068091296,True,-67.83342315357793,-10.620562830909961,True,-72.10162108651136,-6.3523648979765355,True,-81.22311532185728,2.7691293373693924,True
2008-12-11,13.60400911191662,-39.277008892153965,248,15.748015748023622,52.88101800407058,-60.31229335508371,-18.241724429224224,True,-64.34209631170077,-14.211921472607166,True,-67.94128831411112,-10.612729470196804,True,-72.21811759647267,-6.335900187835264,True,-81.35805774395504,2.8040399596471133,True
2008-12-12,13.521654947262048,-39.32706623204233,249,15.7797338380595,52.84872117930438,-60.40471787679364,-18.249414587291014,True,-64.44263726249294,-14.211495201591717,True,-68.04907840014774,-10.605054063936922,True,-72.33452164749487,-6.319610816589787,True,-81.49287055511306,2.8387380910283966,True
2008-12-15,11.876455536396865,-39.37716501190903,250,15.811388300841896,51.25362054830589,-60.497098848893515,-18.25723117492454,True,-64.54311838192258,-14.21121164189547,True,-68.1567941128817,-10.597535910936354,True,-72.45083404539295,-6.3034959784251114,True,-81.6275547847302,2.8732247609121373,True
2008-12-16,9.059704407701318,-39.42730523175407,251,15.84297951775486,48.48700963945539,-60.589436780813976,-18.26517368269416,True,-64.64354027701377,-14.211070186494368,True,-68.264436146502,-10.590174317006127,True,-72.56705558793175,-6.28755487557639,True,-81.76211145192156,2.9075009884134246,True
2008-12-17,6.860688221397885,-39.47748689157745,252,15.874507866387544,46.338175112975335,-60.68173217691668,-18.273241606238216,True,-64.74390354875047,-14.211070234404424,True,-68.37200518829023,-10.582968594864667,True,-72.68318706493811,-6.271786718216788,True,-81.89654156566176,2.9415677825068656,True
2008-12-18,8.618146542284334,-39.52770999137917,253,15.905973720586866,48.145856533663505,-60.77398553656462,-18.281434446193714,True,-64.84420879216039,-14.211211190597947,True,-68.47950191871638,-10.575918064041964,True,-72.799229258411,-6.256190724347341,True,-82.03084612492555,2.9754261421672012,True
2008-12-19,11.73515699412383,-39.57797453115923,254,15.937377450509228,51.313131525283055,-60.866197354191215,-18.289751708127245,True,-64.94445659639729,-14.211492465921172,True,-68.58692701153305,-10.569022050785414,True,-72.91518294262967,-6.240766119688786,True,-82.16502611882606,3.009077056507607,True
2008-12-22,10.16615167899631,-39.62828051091763,255,15.968719422671311,49.794432189913934,-60.958368119368146,-18.29819290246711,True,-65.0446475448218,-14.211913477013457,True,-68.69428113386788,-10.562279887967378,True,-73.03104888426,-6.225512137575258,True,-82.29908252675062,3.0425215049153707,True
2008-12-23,10.954918656390154,-39.678627930654365,256,16.0,50.63354658704452,-61.05049831687205,-18.306757544436675,True,-65.14478221508094,-14.2124736462278,True,-68.80156494631441,-10.555690914994312,True,-73.1468278424588,-6.2104280188499175,True,-82.43301631849403,3.0757604571852966,True
2008-12-24,11.373088489744946,-39.72901679036944,257,16.0312195418814,51.10210528011439,-61.14258842675003,-18.315445153988854,True,-65.24486117918606,-14.213172401552825,True,-68.90877910302135,-10.549254477717533,True,-73.2625205689765,-6.195513011762394,True,-82.5668284543896,3.1087948736507016,True
2008-12-25,11.495613131070623,-39.77944709006286,258,16.06237840420901,51.27506022113349,-61.23463892438393,-18.32425525574179,True,-65.34488500358961,-14.21400917653611,True,-69.01592425178019,-10.542969928345531,True,-73.37812780825772,-6.180766371868003,True,-82.70051988543787,3.1416257053121583,True
2008-12-26,9.978354771987608,-39.829918829734616,259,16.09347693943108,49.80827360172222,-61.32665028055364,-18.33318737891559,True,-65.44485424926043,-14.214983410208806,True,-69.12300103411143,-10.536836625357811,True,-73.49365029754051,-6.166187361928728,True,-82.83409155343321,3.1742538939639857,True
2008-12-29,9.225636036277852,-39.88043200938471,260,16.1245154965971,49.10606804566257,-61.418622961499196,-18.34224105727023,True,-65.54476947175776,-14.216094547011664,True,-69.23001008534919,-10.530853933420225,True,-73.60908876695349,-6.151775251815934,True,-82.96754439108794,3.206680372318516,True
2008-12-30,9.639868469833337,-39.93098662901315,261,16.15549442140351,49.570855098846486,-61.510557428981826,-18.351415829044473,True,-65.64463122130405,-14.217342036722243,True,-69.3369520347245,-10.525021223301788,True,-73.72444393961153,-6.137529318414764,True,-83.10087932215455,3.2389060641282654,True
2008-12-31,8.937569064065796,-39.98158268861992,262,16.186414056238647,48.91915175268572,-61.60245414034395,-18.36071123689589,True,-65.74444004285644,-14.21872533438341,True,-69.44382750544696,-10.519337871792882,True,-73.83971653170971,-6.123448845530142,True,-83.23409726154581,3.2709318843059663,True
